{"cameraMode":{"drawMode":0,"name":"Shaded","section":"Shading Mode"},"sceneLighting":false,"audioPlay":false,"sceneViewState":{"showFog":true,"showMaterialUpdate":false,"showSkybox":false,"showFlares":true,"showImageEffects":true,"showParticleSystems":true},"in2DMode":false,"pivot":{"x":725.557861328125,"y":620.4739990234375,"z":23.948225021362306},"rotation":{"x":0.04831910505890846,"y":0.0017776436870917678,"z":0.00047640633420087397,"w":0.999432384967804},"size":442.3443908691406,"orthographic":false}